"run_id","timestamp_utc","run_context","machine_label","git_sha","git_ref","r_version","system","system_release","cpu_model","expression","median_sec","itr_sec","mem_alloc_bytes","gc_sec"
"20260320T211051Z-bc0420e","2026-03-20T21:10:51Z","github-actions","github-actions | ubuntu-latest","bc0420e5e13f6bcc70a298dffb8ab0159ac687a2","main","4.5.3","Linux","6.14.0-1017-azure","AMD EPYC 7763 64-Core Processor","anon_auto_nlp_core",1.87167653511278,0.523210244016998,936744,0.348806829344665
"20260320T214733Z-1458afc","2026-03-20T21:47:33Z","github-actions","github-actions | ubuntu-latest","1458afc823b6c39872367bd44f4b02f347b7442d","main","4.5.3","Linux","6.14.0-1017-azure","AMD EPYC 7763 64-Core Processor","anon_auto_nlp_core",2.19405535107944,0.453825854359145,936744,0.302550569572763
"20260320T220459Z-962bf09","2026-03-20T22:04:59Z","github-actions","github-actions | ubuntu-latest","962bf0938cb09c5847ff88661e669485fb203c61","main","4.5.3","Linux","6.14.0-1017-azure","AMD EPYC 7763 64-Core Processor","anon_auto_nlp_core",1.92942256107926,0.511795510008849,732328,1.0235910200177
"20260320T211051Z-bc0420e","2026-03-20T21:10:51Z","github-actions","github-actions | ubuntu-latest","bc0420e5e13f6bcc70a298dffb8ab0159ac687a2","main","4.5.3","Linux","6.14.0-1017-azure","AMD EPYC 7763 64-Core Processor","anon_data_frame_approx",1.40422851394396,0.713454643098953,6910768,0
"20260320T214733Z-1458afc","2026-03-20T21:47:33Z","github-actions","github-actions | ubuntu-latest","1458afc823b6c39872367bd44f4b02f347b7442d","main","4.5.3","Linux","6.14.0-1017-azure","AMD EPYC 7763 64-Core Processor","anon_data_frame_approx",1.47330568311736,0.683820942571148,6910768,0
"20260320T220459Z-962bf09","2026-03-20T22:04:59Z","github-actions","github-actions | ubuntu-latest","962bf0938cb09c5847ff88661e669485fb203c61","main","4.5.3","Linux","6.14.0-1017-azure","AMD EPYC 7763 64-Core Processor","anon_data_frame_approx",1.19609605311416,0.830994360010426,1808016,0
"20260320T211051Z-bc0420e","2026-03-20T21:10:51Z","github-actions","github-actions | ubuntu-latest","bc0420e5e13f6bcc70a298dffb8ab0159ac687a2","main","4.5.3","Linux","6.14.0-1017-azure","AMD EPYC 7763 64-Core Processor","anon_data_frame_exact",0.286693728994578,3.44755432853836,5764824,1.14918477617945
"20260320T214733Z-1458afc","2026-03-20T21:47:33Z","github-actions","github-actions | ubuntu-latest","1458afc823b6c39872367bd44f4b02f347b7442d","main","4.5.3","Linux","6.14.0-1017-azure","AMD EPYC 7763 64-Core Processor","anon_data_frame_exact",0.300956376013346,3.26735371360777,5764824,1.08911790453592
"20260320T220459Z-962bf09","2026-03-20T22:04:59Z","github-actions","github-actions | ubuntu-latest","962bf0938cb09c5847ff88661e669485fb203c61","main","4.5.3","Linux","6.14.0-1017-azure","AMD EPYC 7763 64-Core Processor","anon_data_frame_exact",0.0880027021048591,11.3132650726198,406912,0
"20260320T211051Z-bc0420e","2026-03-20T21:10:51Z","github-actions","github-actions | ubuntu-latest","bc0420e5e13f6bcc70a298dffb8ab0159ac687a2","main","4.5.3","Linux","6.14.0-1017-azure","AMD EPYC 7763 64-Core Processor","anon_nested_mixed",7.23094923002645,0.139415091438669,307148240,2.2306414630187
"20260320T214733Z-1458afc","2026-03-20T21:47:33Z","github-actions","github-actions | ubuntu-latest","1458afc823b6c39872367bd44f4b02f347b7442d","main","4.5.3","Linux","6.14.0-1017-azure","AMD EPYC 7763 64-Core Processor","anon_nested_mixed",7.3573064270895,0.136510385554635,307148240,2.18416616887415
"20260320T220459Z-962bf09","2026-03-20T22:04:59Z","github-actions","github-actions | ubuntu-latest","962bf0938cb09c5847ff88661e669485fb203c61","main","4.5.3","Linux","6.14.0-1017-azure","AMD EPYC 7763 64-Core Processor","anon_nested_mixed",1.2451138200704,0.802189550647012,17210336,4.01094775323506
"20260320T211051Z-bc0420e","2026-03-20T21:10:51Z","github-actions","github-actions | ubuntu-latest","bc0420e5e13f6bcc70a298dffb8ab0159ac687a2","main","4.5.3","Linux","6.14.0-1017-azure","AMD EPYC 7763 64-Core Processor","anon_nested_option_auto_nlp",18.8652672310127,0.0528542387937436,37641408,0.123326557185402
"20260320T214733Z-1458afc","2026-03-20T21:47:33Z","github-actions","github-actions | ubuntu-latest","1458afc823b6c39872367bd44f4b02f347b7442d","main","4.5.3","Linux","6.14.0-1017-azure","AMD EPYC 7763 64-Core Processor","anon_nested_option_auto_nlp",19.9510510130785,0.0501769164915078,37641408,0.117079471813518
"20260320T220459Z-962bf09","2026-03-20T22:04:59Z","github-actions","github-actions | ubuntu-latest","962bf0938cb09c5847ff88661e669485fb203c61","main","4.5.3","Linux","6.14.0-1017-azure","AMD EPYC 7763 64-Core Processor","anon_nested_option_auto_nlp",18.2917472521076,0.0549174904091681,4330784,0.164752471227504
"20260320T211051Z-bc0420e","2026-03-20T21:10:51Z","github-actions","github-actions | ubuntu-latest","bc0420e5e13f6bcc70a298dffb8ab0159ac687a2","main","4.5.3","Linux","6.14.0-1017-azure","AMD EPYC 7763 64-Core Processor","anon_nlp_entities_people_org_place",1.87856235203799,0.531887803729768,941160,0.531887803729768
"20260320T214733Z-1458afc","2026-03-20T21:47:33Z","github-actions","github-actions | ubuntu-latest","1458afc823b6c39872367bd44f4b02f347b7442d","main","4.5.3","Linux","6.14.0-1017-azure","AMD EPYC 7763 64-Core Processor","anon_nlp_entities_people_org_place",2.17367582209408,0.460260672527458,941160,0.460260672527458
"20260320T220459Z-962bf09","2026-03-20T22:04:59Z","github-actions","github-actions | ubuntu-latest","962bf0938cb09c5847ff88661e669485fb203c61","main","4.5.3","Linux","6.14.0-1017-azure","AMD EPYC 7763 64-Core Processor","anon_nlp_entities_people_org_place",1.90774735109881,0.523471301135379,736744,1.04694260227076
"20260320T211051Z-bc0420e","2026-03-20T21:10:51Z","github-actions","github-actions | ubuntu-latest","bc0420e5e13f6bcc70a298dffb8ab0159ac687a2","main","4.5.3","Linux","6.14.0-1017-azure","AMD EPYC 7763 64-Core Processor","anon_starwars_exact",3.87929800909478,0.257572256456837,176296336,2.74743740220626
"20260320T214733Z-1458afc","2026-03-20T21:47:33Z","github-actions","github-actions | ubuntu-latest","1458afc823b6c39872367bd44f4b02f347b7442d","main","4.5.3","Linux","6.14.0-1017-azure","AMD EPYC 7763 64-Core Processor","anon_starwars_exact",3.93322304007597,0.252948254821305,176296336,2.69811471809392
"20260320T220459Z-962bf09","2026-03-20T22:04:59Z","github-actions","github-actions | ubuntu-latest","962bf0938cb09c5847ff88661e669485fb203c61","main","4.5.3","Linux","6.14.0-1017-azure","AMD EPYC 7763 64-Core Processor","anon_starwars_exact",0.688288946053945,1.45379137550996,22158768,5.81516550203986
"20260320T211051Z-bc0420e","2026-03-20T21:10:51Z","github-actions","github-actions | ubuntu-latest","bc0420e5e13f6bcc70a298dffb8ab0159ac687a2","main","4.5.3","Linux","6.14.0-1017-azure","AMD EPYC 7763 64-Core Processor","anon_starwars_mixed",2.75144315010402,0.363764070392336,111075096,2.66760318287713
"20260320T214733Z-1458afc","2026-03-20T21:47:33Z","github-actions","github-actions | ubuntu-latest","1458afc823b6c39872367bd44f4b02f347b7442d","main","4.5.3","Linux","6.14.0-1017-azure","AMD EPYC 7763 64-Core Processor","anon_starwars_mixed",2.80259372713044,0.357815803699758,111075096,2.62398256046489
"20260320T220459Z-962bf09","2026-03-20T22:04:59Z","github-actions","github-actions | ubuntu-latest","962bf0938cb09c5847ff88661e669485fb203c61","main","4.5.3","Linux","6.14.0-1017-azure","AMD EPYC 7763 64-Core Processor","anon_starwars_mixed",1.38181639800314,0.72130859628385,45120520,5.04916017398695
"20260320T211051Z-bc0420e","2026-03-20T21:10:51Z","github-actions","github-actions | ubuntu-latest","bc0420e5e13f6bcc70a298dffb8ab0159ac687a2","main","4.5.3","Linux","6.14.0-1017-azure","AMD EPYC 7763 64-Core Processor","anon_vector_approx",1.16351398511324,0.86065502228604,5700464,0
"20260320T214733Z-1458afc","2026-03-20T21:47:33Z","github-actions","github-actions | ubuntu-latest","1458afc823b6c39872367bd44f4b02f347b7442d","main","4.5.3","Linux","6.14.0-1017-azure","AMD EPYC 7763 64-Core Processor","anon_vector_approx",1.18539411004167,0.842227370353909,5700464,0
"20260320T220459Z-962bf09","2026-03-20T22:04:59Z","github-actions","github-actions | ubuntu-latest","962bf0938cb09c5847ff88661e669485fb203c61","main","4.5.3","Linux","6.14.0-1017-azure","AMD EPYC 7763 64-Core Processor","anon_vector_approx",1.03235247416887,0.962210377888747,2330048,0
"20260320T211051Z-bc0420e","2026-03-20T21:10:51Z","github-actions","github-actions | ubuntu-latest","bc0420e5e13f6bcc70a298dffb8ab0159ac687a2","main","4.5.3","Linux","6.14.0-1017-azure","AMD EPYC 7763 64-Core Processor","anon_vector_exact",0.207402758067474,4.79266180422844,10948912,0
"20260320T214733Z-1458afc","2026-03-20T21:47:33Z","github-actions","github-actions | ubuntu-latest","1458afc823b6c39872367bd44f4b02f347b7442d","main","4.5.3","Linux","6.14.0-1017-azure","AMD EPYC 7763 64-Core Processor","anon_vector_exact",0.224198806099594,4.48087277007395,10948912,0
"20260320T220459Z-962bf09","2026-03-20T22:04:59Z","github-actions","github-actions | ubuntu-latest","962bf0938cb09c5847ff88661e669485fb203c61","main","4.5.3","Linux","6.14.0-1017-azure","AMD EPYC 7763 64-Core Processor","anon_vector_exact",0.0700751190306619,14.1594007573333,2606408,0
"20260321T023304Z-9687b45","2026-03-21T02:33:04Z","github-actions","github-actions | ubuntu-latest","9687b45d6be7edbf8e977b61aa2d39be302269e5","main","4.5.3","Linux","6.14.0-1017-azure","AMD EPYC 7763 64-Core Processor","anon_auto_nlp_core",1.88256341998931,0.522159306572662,731256,1.04431861314532
"20260321T024345Z-7612f59","2026-03-21T02:43:45Z","github-actions","github-actions | ubuntu-latest","7612f595fa18e691f41bd695a06a1e2f34a8b9ec","main","4.5.3","Linux","6.14.0-1017-azure","AMD EPYC 7763 64-Core Processor","anon_auto_nlp_core",1.89865818608087,0.522375635766213,731256,1.04475127153243
"20260321T031753Z-d1c88ba","2026-03-21T03:17:53Z","github-actions","github-actions | ubuntu-latest","d1c88ba19b876140761975ef51ccfc410ddbe89c","main","4.5.3","Linux","6.14.0-1017-azure","AMD EPYC 7763 64-Core Processor","anon_auto_nlp_core",2.14586436515674,0.462275766689908,727448,0.924551533379816
"20260321T023304Z-9687b45","2026-03-21T02:33:04Z","github-actions","github-actions | ubuntu-latest","9687b45d6be7edbf8e977b61aa2d39be302269e5","main","4.5.3","Linux","6.14.0-1017-azure","AMD EPYC 7763 64-Core Processor","anon_data_frame_approx",1.19933979411144,0.833521260849433,2042448,0
"20260321T024345Z-7612f59","2026-03-21T02:43:45Z","github-actions","github-actions | ubuntu-latest","7612f595fa18e691f41bd695a06a1e2f34a8b9ec","main","4.5.3","Linux","6.14.0-1017-azure","AMD EPYC 7763 64-Core Processor","anon_data_frame_approx",1.19759237510152,0.836099865806196,2042448,0
"20260321T031753Z-d1c88ba","2026-03-21T03:17:53Z","github-actions","github-actions | ubuntu-latest","d1c88ba19b876140761975ef51ccfc410ddbe89c","main","4.5.3","Linux","6.14.0-1017-azure","AMD EPYC 7763 64-Core Processor","anon_data_frame_approx",1.2027985471068,0.830902306542297,2012280,0
"20260321T023304Z-9687b45","2026-03-21T02:33:04Z","github-actions","github-actions | ubuntu-latest","9687b45d6be7edbf8e977b61aa2d39be302269e5","main","4.5.3","Linux","6.14.0-1017-azure","AMD EPYC 7763 64-Core Processor","anon_data_frame_exact",0.0866031290497631,11.4966602043717,410544,0
"20260321T024345Z-7612f59","2026-03-21T02:43:45Z","github-actions","github-actions | ubuntu-latest","7612f595fa18e691f41bd695a06a1e2f34a8b9ec","main","4.5.3","Linux","6.14.0-1017-azure","AMD EPYC 7763 64-Core Processor","anon_data_frame_exact",0.0860025840811431,11.5614225562404,414264,0
"20260321T031753Z-d1c88ba","2026-03-21T03:17:53Z","github-actions","github-actions | ubuntu-latest","d1c88ba19b876140761975ef51ccfc410ddbe89c","main","4.5.3","Linux","6.14.0-1017-azure","AMD EPYC 7763 64-Core Processor","anon_data_frame_exact",0.0752227520570159,13.2370376947104,379544,0
"20260321T023304Z-9687b45","2026-03-21T02:33:04Z","github-actions","github-actions | ubuntu-latest","9687b45d6be7edbf8e977b61aa2d39be302269e5","main","4.5.3","Linux","6.14.0-1017-azure","AMD EPYC 7763 64-Core Processor","anon_nested_mixed",1.14694047707599,0.871969862785886,17838952,3.77853607207217
"20260321T024345Z-7612f59","2026-03-21T02:43:45Z","github-actions","github-actions | ubuntu-latest","7612f595fa18e691f41bd695a06a1e2f34a8b9ec","main","4.5.3","Linux","6.14.0-1017-azure","AMD EPYC 7763 64-Core Processor","anon_nested_mixed",0.981205731048249,1.01560206584433,16324928,3.046806197533
"20260321T031753Z-d1c88ba","2026-03-21T03:17:53Z","github-actions","github-actions | ubuntu-latest","d1c88ba19b876140761975ef51ccfc410ddbe89c","main","4.5.3","Linux","6.14.0-1017-azure","AMD EPYC 7763 64-Core Processor","anon_nested_mixed",0.793423708062619,1.25953063675656,2064256,2.09921772792761
"20260321T023304Z-9687b45","2026-03-21T02:33:04Z","github-actions","github-actions | ubuntu-latest","9687b45d6be7edbf8e977b61aa2d39be302269e5","main","4.5.3","Linux","6.14.0-1017-azure","AMD EPYC 7763 64-Core Processor","anon_nested_option_auto_nlp",18.0708145550452,0.0553394540148806,4331208,0.166018362044642
"20260321T024345Z-7612f59","2026-03-21T02:43:45Z","github-actions","github-actions | ubuntu-latest","7612f595fa18e691f41bd695a06a1e2f34a8b9ec","main","4.5.3","Linux","6.14.0-1017-azure","AMD EPYC 7763 64-Core Processor","anon_nested_option_auto_nlp",0.867941981065087,1.15304479071142,2784704,0.768696527140945
"20260321T031753Z-d1c88ba","2026-03-21T03:17:53Z","github-actions","github-actions | ubuntu-latest","d1c88ba19b876140761975ef51ccfc410ddbe89c","main","4.5.3","Linux","6.14.0-1017-azure","AMD EPYC 7763 64-Core Processor","anon_nested_option_auto_nlp",0.931442778091878,1.07123569269074,607336,0.714157128460491
"20260321T023304Z-9687b45","2026-03-21T02:33:04Z","github-actions","github-actions | ubuntu-latest","9687b45d6be7edbf8e977b61aa2d39be302269e5","main","4.5.3","Linux","6.14.0-1017-azure","AMD EPYC 7763 64-Core Processor","anon_nlp_entities_people_org_place",1.88956807809882,0.528671324890459,736000,1.05734264978092
"20260321T024345Z-7612f59","2026-03-21T02:43:45Z","github-actions","github-actions | ubuntu-latest","7612f595fa18e691f41bd695a06a1e2f34a8b9ec","main","4.5.3","Linux","6.14.0-1017-azure","AMD EPYC 7763 64-Core Processor","anon_nlp_entities_people_org_place",1.90219768614043,0.520453943602637,736000,1.04090788720527
"20260321T031753Z-d1c88ba","2026-03-21T03:17:53Z","github-actions","github-actions | ubuntu-latest","d1c88ba19b876140761975ef51ccfc410ddbe89c","main","4.5.3","Linux","6.14.0-1017-azure","AMD EPYC 7763 64-Core Processor","anon_nlp_entities_people_org_place",2.19680402602535,0.457792741103564,729456,0.762987901839273
"20260321T023304Z-9687b45","2026-03-21T02:33:04Z","github-actions","github-actions | ubuntu-latest","9687b45d6be7edbf8e977b61aa2d39be302269e5","main","4.5.3","Linux","6.14.0-1017-azure","AMD EPYC 7763 64-Core Processor","anon_starwars_exact",0.691010344075039,1.4487537758184,22158768,5.79501510327361
"20260321T024345Z-7612f59","2026-03-21T02:43:45Z","github-actions","github-actions | ubuntu-latest","7612f595fa18e691f41bd695a06a1e2f34a8b9ec","main","4.5.3","Linux","6.14.0-1017-azure","AMD EPYC 7763 64-Core Processor","anon_starwars_exact",0.555712394067086,1.77110487251,22158768,5.31331461752999
"20260321T031753Z-d1c88ba","2026-03-21T03:17:53Z","github-actions","github-actions | ubuntu-latest","d1c88ba19b876140761975ef51ccfc410ddbe89c","main","4.5.3","Linux","6.14.0-1017-azure","AMD EPYC 7763 64-Core Processor","anon_starwars_exact",0.369208996999077,2.47415929838407,1668904,6.5977581290242
"20260321T023304Z-9687b45","2026-03-21T02:33:04Z","github-actions","github-actions | ubuntu-latest","9687b45d6be7edbf8e977b61aa2d39be302269e5","main","4.5.3","Linux","6.14.0-1017-azure","AMD EPYC 7763 64-Core Processor","anon_starwars_mixed",1.47431357507594,0.675724475124916,45219536,4.73007132587441
"20260321T024345Z-7612f59","2026-03-21T02:43:45Z","github-actions","github-actions | ubuntu-latest","7612f595fa18e691f41bd695a06a1e2f34a8b9ec","main","4.5.3","Linux","6.14.0-1017-azure","AMD EPYC 7763 64-Core Processor","anon_starwars_mixed",1.37810430012178,0.723799282201073,45219536,4.5840621206068
"20260321T031753Z-d1c88ba","2026-03-21T03:17:53Z","github-actions","github-actions | ubuntu-latest","d1c88ba19b876140761975ef51ccfc410ddbe89c","main","4.5.3","Linux","6.14.0-1017-azure","AMD EPYC 7763 64-Core Processor","anon_starwars_mixed",0.934009705088101,1.07082376356709,4278816,4.28329505426835
"20260321T023304Z-9687b45","2026-03-21T02:33:04Z","github-actions","github-actions | ubuntu-latest","9687b45d6be7edbf8e977b61aa2d39be302269e5","main","4.5.3","Linux","6.14.0-1017-azure","AMD EPYC 7763 64-Core Processor","anon_vector_approx",1.03090536000673,0.969281166468266,2189856,0
"20260321T024345Z-7612f59","2026-03-21T02:43:45Z","github-actions","github-actions | ubuntu-latest","7612f595fa18e691f41bd695a06a1e2f34a8b9ec","main","4.5.3","Linux","6.14.0-1017-azure","AMD EPYC 7763 64-Core Processor","anon_vector_approx",1.02784753707238,0.972458195500188,2263952,0
"20260321T031753Z-d1c88ba","2026-03-21T03:17:53Z","github-actions","github-actions | ubuntu-latest","d1c88ba19b876140761975ef51ccfc410ddbe89c","main","4.5.3","Linux","6.14.0-1017-azure","AMD EPYC 7763 64-Core Processor","anon_vector_approx",1.01754670811351,0.980131404683425,2238488,0
"20260321T023304Z-9687b45","2026-03-21T02:33:04Z","github-actions","github-actions | ubuntu-latest","9687b45d6be7edbf8e977b61aa2d39be302269e5","main","4.5.3","Linux","6.14.0-1017-azure","AMD EPYC 7763 64-Core Processor","anon_vector_exact",0.0675585769349709,14.660128107205,2606408,0
"20260321T024345Z-7612f59","2026-03-21T02:43:45Z","github-actions","github-actions | ubuntu-latest","7612f595fa18e691f41bd695a06a1e2f34a8b9ec","main","4.5.3","Linux","6.14.0-1017-azure","AMD EPYC 7763 64-Core Processor","anon_vector_exact",0.0677116140723228,14.6082264108078,2606408,0
"20260321T031753Z-d1c88ba","2026-03-21T03:17:53Z","github-actions","github-actions | ubuntu-latest","d1c88ba19b876140761975ef51ccfc410ddbe89c","main","4.5.3","Linux","6.14.0-1017-azure","AMD EPYC 7763 64-Core Processor","anon_vector_exact",0.0569684690563008,17.6276255750459,2022512,0
"20260322T160536Z-9c7d497","2026-03-22T16:05:36Z","github-actions","github-actions | ubuntu-latest","9c7d4976260530f1bb95848955cba095fc5bb6b1","main","4.5.3","Linux","6.14.0-1017-azure","AMD EPYC 7763 64-Core Processor","anon_auto_nlp_core",1.92258062015753,0.518898726786507,727448,1.72966242262169
"20260322T165608Z-8b086eb","2026-03-22T16:56:08Z","github-actions","github-actions | ubuntu-latest","8b086eb3df866a4847be9ad98fb424dd62eaf57c","main","4.5.3","Linux","6.14.0-1017-azure","AMD EPYC 7763 64-Core Processor","anon_auto_nlp_core",1.92665309808217,0.517519588807815,727448,1.72506529602605
"20260322T191648Z-5ff3898","2026-03-22T19:16:48Z","github-actions","github-actions | ubuntu-latest","5ff3898b52a5ff1050f4d0316ef9a2bf347acd5b","main","4.5.3","Linux","6.14.0-1017-azure","AMD EPYC 7763 64-Core Processor","anon_auto_nlp_core",1.92815516109113,0.517424488141612,727448,1.89722312318591
"20260322T160536Z-9c7d497","2026-03-22T16:05:36Z","github-actions","github-actions | ubuntu-latest","9c7d4976260530f1bb95848955cba095fc5bb6b1","main","4.5.3","Linux","6.14.0-1017-azure","AMD EPYC 7763 64-Core Processor","anon_data_frame_approx",1.17385601403657,0.851967409919575,2012280,0
"20260322T165608Z-8b086eb","2026-03-22T16:56:08Z","github-actions","github-actions | ubuntu-latest","8b086eb3df866a4847be9ad98fb424dd62eaf57c","main","4.5.3","Linux","6.14.0-1017-azure","AMD EPYC 7763 64-Core Processor","anon_data_frame_approx",1.17492504208349,0.850314963228081,2012280,0
"20260322T191648Z-5ff3898","2026-03-22T19:16:48Z","github-actions","github-actions | ubuntu-latest","5ff3898b52a5ff1050f4d0316ef9a2bf347acd5b","main","4.5.3","Linux","6.14.0-1017-azure","AMD EPYC 7763 64-Core Processor","anon_data_frame_approx",1.17613391613122,0.85005489414273,2012280,0
"20260322T160536Z-9c7d497","2026-03-22T16:05:36Z","github-actions","github-actions | ubuntu-latest","9c7d4976260530f1bb95848955cba095fc5bb6b1","main","4.5.3","Linux","6.14.0-1017-azure","AMD EPYC 7763 64-Core Processor","anon_data_frame_exact",0.0716340000508353,13.9700379858146,380048,0
"20260322T165608Z-8b086eb","2026-03-22T16:56:08Z","github-actions","github-actions | ubuntu-latest","8b086eb3df866a4847be9ad98fb424dd62eaf57c","main","4.5.3","Linux","6.14.0-1017-azure","AMD EPYC 7763 64-Core Processor","anon_data_frame_exact",0.0723174300510436,13.8400594758662,380048,0
"20260322T191648Z-5ff3898","2026-03-22T19:16:48Z","github-actions","github-actions | ubuntu-latest","5ff3898b52a5ff1050f4d0316ef9a2bf347acd5b","main","4.5.3","Linux","6.14.0-1017-azure","AMD EPYC 7763 64-Core Processor","anon_data_frame_exact",0.0726904759649187,13.8031915021485,377024,0
"20260322T160536Z-9c7d497","2026-03-22T16:05:36Z","github-actions","github-actions | ubuntu-latest","9c7d4976260530f1bb95848955cba095fc5bb6b1","main","4.5.3","Linux","6.14.0-1017-azure","AMD EPYC 7763 64-Core Processor","anon_nested_mixed",0.778818678110838,1.28459191267853,2064256,3.8537757380356
"20260322T165608Z-8b086eb","2026-03-22T16:56:08Z","github-actions","github-actions | ubuntu-latest","8b086eb3df866a4847be9ad98fb424dd62eaf57c","main","4.5.3","Linux","6.14.0-1017-azure","AMD EPYC 7763 64-Core Processor","anon_nested_mixed",0.775616264087148,1.28607188565499,2064256,3.85821565696497
"20260322T191648Z-5ff3898","2026-03-22T19:16:48Z","github-actions","github-actions | ubuntu-latest","5ff3898b52a5ff1050f4d0316ef9a2bf347acd5b","main","4.5.3","Linux","6.14.0-1017-azure","AMD EPYC 7763 64-Core Processor","anon_nested_mixed",0.778039846103638,1.28803419796721,2064256,3.43475786124589
"20260322T160536Z-9c7d497","2026-03-22T16:05:36Z","github-actions","github-actions | ubuntu-latest","9c7d4976260530f1bb95848955cba095fc5bb6b1","main","4.5.3","Linux","6.14.0-1017-azure","AMD EPYC 7763 64-Core Processor","anon_nested_option_auto_nlp",0.853574552107602,1.17311839037103,607336,1.17311839037103
"20260322T165608Z-8b086eb","2026-03-22T16:56:08Z","github-actions","github-actions | ubuntu-latest","8b086eb3df866a4847be9ad98fb424dd62eaf57c","main","4.5.3","Linux","6.14.0-1017-azure","AMD EPYC 7763 64-Core Processor","anon_nested_option_auto_nlp",0.847221418051049,1.17846537333266,607336,1.17846537333266
"20260322T191648Z-5ff3898","2026-03-22T19:16:48Z","github-actions","github-actions | ubuntu-latest","5ff3898b52a5ff1050f4d0316ef9a2bf347acd5b","main","4.5.3","Linux","6.14.0-1017-azure","AMD EPYC 7763 64-Core Processor","anon_nested_option_auto_nlp",0.85728714405559,1.16748819037889,607336,1.16748819037889
"20260322T160536Z-9c7d497","2026-03-22T16:05:36Z","github-actions","github-actions | ubuntu-latest","9c7d4976260530f1bb95848955cba095fc5bb6b1","main","4.5.3","Linux","6.14.0-1017-azure","AMD EPYC 7763 64-Core Processor","anon_nlp_entities_people_org_place",1.92727199697401,0.516373046652727,729456,1.89336783772667
"20260322T165608Z-8b086eb","2026-03-22T16:56:08Z","github-actions","github-actions | ubuntu-latest","8b086eb3df866a4847be9ad98fb424dd62eaf57c","main","4.5.3","Linux","6.14.0-1017-azure","AMD EPYC 7763 64-Core Processor","anon_nlp_entities_people_org_place",1.92456273105927,0.515735731955913,729456,1.89103101717168
"20260322T191648Z-5ff3898","2026-03-22T19:16:48Z","github-actions","github-actions | ubuntu-latest","5ff3898b52a5ff1050f4d0316ef9a2bf347acd5b","main","4.5.3","Linux","6.14.0-1017-azure","AMD EPYC 7763 64-Core Processor","anon_nlp_entities_people_org_place",1.92968214408029,0.514843455415746,729456,1.8877593365244
"20260322T160536Z-9c7d497","2026-03-22T16:05:36Z","github-actions","github-actions | ubuntu-latest","9c7d4976260530f1bb95848955cba095fc5bb6b1","main","4.5.3","Linux","6.14.0-1017-azure","AMD EPYC 7763 64-Core Processor","anon_starwars_exact",0.364106737077236,2.50345918383567,1668904,8.34486394611888
"20260322T165608Z-8b086eb","2026-03-22T16:56:08Z","github-actions","github-actions | ubuntu-latest","8b086eb3df866a4847be9ad98fb424dd62eaf57c","main","4.5.3","Linux","6.14.0-1017-azure","AMD EPYC 7763 64-Core Processor","anon_starwars_exact",0.369833603152074,2.46929181850562,1668904,8.23097272835206
"20260322T191648Z-5ff3898","2026-03-22T19:16:48Z","github-actions","github-actions | ubuntu-latest","5ff3898b52a5ff1050f4d0316ef9a2bf347acd5b","main","4.5.3","Linux","6.14.0-1017-azure","AMD EPYC 7763 64-Core Processor","anon_starwars_exact",0.370236178045161,2.46375732234897,1668904,8.2125244078299
"20260322T160536Z-9c7d497","2026-03-22T16:05:36Z","github-actions","github-actions | ubuntu-latest","9c7d4976260530f1bb95848955cba095fc5bb6b1","main","4.5.3","Linux","6.14.0-1017-azure","AMD EPYC 7763 64-Core Processor","anon_starwars_mixed",0.918308453052305,1.09030101133909,4278816,7.63210707937363
"20260322T165608Z-8b086eb","2026-03-22T16:56:08Z","github-actions","github-actions | ubuntu-latest","8b086eb3df866a4847be9ad98fb424dd62eaf57c","main","4.5.3","Linux","6.14.0-1017-azure","AMD EPYC 7763 64-Core Processor","anon_starwars_mixed",0.915472365100868,1.09066694013539,4278816,7.63466858094774
"20260322T191648Z-5ff3898","2026-03-22T19:16:48Z","github-actions","github-actions | ubuntu-latest","5ff3898b52a5ff1050f4d0316ef9a2bf347acd5b","main","4.5.3","Linux","6.14.0-1017-azure","AMD EPYC 7763 64-Core Processor","anon_starwars_mixed",0.927136142039672,1.07834836204716,4278816,7.54843853433009
"20260322T160536Z-9c7d497","2026-03-22T16:05:36Z","github-actions","github-actions | ubuntu-latest","9c7d4976260530f1bb95848955cba095fc5bb6b1","main","4.5.3","Linux","6.14.0-1017-azure","AMD EPYC 7763 64-Core Processor","anon_vector_approx",1.00603326107375,0.994101752383999,2233256,0
"20260322T165608Z-8b086eb","2026-03-22T16:56:08Z","github-actions","github-actions | ubuntu-latest","8b086eb3df866a4847be9ad98fb424dd62eaf57c","main","4.5.3","Linux","6.14.0-1017-azure","AMD EPYC 7763 64-Core Processor","anon_vector_approx",1.00532159209251,0.993597610659148,2233256,0
"20260322T191648Z-5ff3898","2026-03-22T19:16:48Z","github-actions","github-actions | ubuntu-latest","5ff3898b52a5ff1050f4d0316ef9a2bf347acd5b","main","4.5.3","Linux","6.14.0-1017-azure","AMD EPYC 7763 64-Core Processor","anon_vector_approx",1.01137009717058,0.987607796481949,2236512,0
"20260322T160536Z-9c7d497","2026-03-22T16:05:36Z","github-actions","github-actions | ubuntu-latest","9c7d4976260530f1bb95848955cba095fc5bb6b1","main","4.5.3","Linux","6.14.0-1017-azure","AMD EPYC 7763 64-Core Processor","anon_vector_exact",0.054511628113687,18.2948491690973,2022512,0
"20260322T165608Z-8b086eb","2026-03-22T16:56:08Z","github-actions","github-actions | ubuntu-latest","8b086eb3df866a4847be9ad98fb424dd62eaf57c","main","4.5.3","Linux","6.14.0-1017-azure","AMD EPYC 7763 64-Core Processor","anon_vector_exact",0.0541007380234078,18.1515508397409,2022512,0
"20260322T191648Z-5ff3898","2026-03-22T19:16:48Z","github-actions","github-actions | ubuntu-latest","5ff3898b52a5ff1050f4d0316ef9a2bf347acd5b","main","4.5.3","Linux","6.14.0-1017-azure","AMD EPYC 7763 64-Core Processor","anon_vector_exact",0.0556654520332813,17.9018698054215,2022512,0
"20260323T023824Z-c2d8136","2026-03-23T02:38:24Z","github-actions","github-actions | ubuntu-latest","c2d8136a4ca5513b5699eec79caa378128ee1b8b","main","4.5.3","Linux","6.14.0-1017-azure","AMD EPYC 7763 64-Core Processor","anon_auto_nlp_core",1.88658413605299,0.525966397275233,727448,1.05193279455047
"20260323T183040Z-f44d840","2026-03-23T18:30:40Z","github-actions","github-actions | ubuntu-latest","f44d840ac9730f0e926f0b977ee74279adb38acd","main","4.5.3","Linux","6.14.0-1017-azure","AMD EPYC 9V74 80-Core Processor","anon_auto_nlp_core",1.82671697705518,0.541928311419879,727624,1.08385662283976
"20260323T190818Z-030dff4","2026-03-23T19:08:18Z","github-actions","github-actions | ubuntu-latest","030dff4bc9485a0fe7bf59b8054d982b3370d8e9","main","4.5.3","Linux","6.14.0-1017-azure","AMD EPYC 7763 64-Core Processor","anon_auto_nlp_core",1.88048395502847,0.527054172182708,727624,1.05410834436542
"20260323T023824Z-c2d8136","2026-03-23T02:38:24Z","github-actions","github-actions | ubuntu-latest","c2d8136a4ca5513b5699eec79caa378128ee1b8b","main","4.5.3","Linux","6.14.0-1017-azure","AMD EPYC 7763 64-Core Processor","anon_data_frame_approx",1.1811578751076,0.846259673587245,2012280,0
"20260323T183040Z-f44d840","2026-03-23T18:30:40Z","github-actions","github-actions | ubuntu-latest","f44d840ac9730f0e926f0b977ee74279adb38acd","main","4.5.3","Linux","6.14.0-1017-azure","AMD EPYC 9V74 80-Core Processor","anon_data_frame_approx",1.13734463707078,0.878566018210962,2012280,0
"20260323T190818Z-030dff4","2026-03-23T19:08:18Z","github-actions","github-actions | ubuntu-latest","030dff4bc9485a0fe7bf59b8054d982b3370d8e9","main","4.5.3","Linux","6.14.0-1017-azure","AMD EPYC 7763 64-Core Processor","anon_data_frame_approx",1.18866339104716,0.842468947674153,2012280,0
"20260323T023824Z-c2d8136","2026-03-23T02:38:24Z","github-actions","github-actions | ubuntu-latest","c2d8136a4ca5513b5699eec79caa378128ee1b8b","main","4.5.3","Linux","6.14.0-1017-azure","AMD EPYC 7763 64-Core Processor","anon_data_frame_exact",0.0705898350570351,14.0140002919307,378512,0
"20260323T183040Z-f44d840","2026-03-23T18:30:40Z","github-actions","github-actions | ubuntu-latest","f44d840ac9730f0e926f0b977ee74279adb38acd","main","4.5.3","Linux","6.14.0-1017-azure","AMD EPYC 9V74 80-Core Processor","anon_data_frame_exact",0.071156406076625,14.0198660315924,378760,0
"20260323T190818Z-030dff4","2026-03-23T19:08:18Z","github-actions","github-actions | ubuntu-latest","030dff4bc9485a0fe7bf59b8054d982b3370d8e9","main","4.5.3","Linux","6.14.0-1017-azure","AMD EPYC 7763 64-Core Processor","anon_data_frame_exact",0.0729770400794223,13.6245922842757,378752,0
"20260323T023824Z-c2d8136","2026-03-23T02:38:24Z","github-actions","github-actions | ubuntu-latest","c2d8136a4ca5513b5699eec79caa378128ee1b8b","main","4.5.3","Linux","6.14.0-1017-azure","AMD EPYC 7763 64-Core Processor","anon_nested_mixed",0.778968950035051,1.28594893830147,2064256,2.14324823050245
"20260323T183040Z-f44d840","2026-03-23T18:30:40Z","github-actions","github-actions | ubuntu-latest","f44d840ac9730f0e926f0b977ee74279adb38acd","main","4.5.3","Linux","6.14.0-1017-azure","AMD EPYC 9V74 80-Core Processor","anon_nested_mixed",0.744757858105004,1.34786984105359,2064256,2.24644973508931
"20260323T190818Z-030dff4","2026-03-23T19:08:18Z","github-actions","github-actions | ubuntu-latest","030dff4bc9485a0fe7bf59b8054d982b3370d8e9","main","4.5.3","Linux","6.14.0-1017-azure","AMD EPYC 7763 64-Core Processor","anon_nested_mixed",0.788558354135603,1.26610828086791,2064256,2.11018046811319
"20260323T023824Z-c2d8136","2026-03-23T02:38:24Z","github-actions","github-actions | ubuntu-latest","c2d8136a4ca5513b5699eec79caa378128ee1b8b","main","4.5.3","Linux","6.14.0-1017-azure","AMD EPYC 7763 64-Core Processor","anon_nested_option_auto_nlp",0.838916709064506,1.19345267792446,608752,0.397817559308154
"20260323T183040Z-f44d840","2026-03-23T18:30:40Z","github-actions","github-actions | ubuntu-latest","f44d840ac9730f0e926f0b977ee74279adb38acd","main","4.5.3","Linux","6.14.0-1017-azure","AMD EPYC 9V74 80-Core Processor","anon_nested_option_auto_nlp",0.766014783177525,1.28559705034358,608752,0.428532350114526
"20260323T190818Z-030dff4","2026-03-23T19:08:18Z","github-actions","github-actions | ubuntu-latest","030dff4bc9485a0fe7bf59b8054d982b3370d8e9","main","4.5.3","Linux","6.14.0-1017-azure","AMD EPYC 7763 64-Core Processor","anon_nested_option_auto_nlp",0.813455955008976,1.22653493921138,608752,0.408844979737128
"20260323T023824Z-c2d8136","2026-03-23T02:38:24Z","github-actions","github-actions | ubuntu-latest","c2d8136a4ca5513b5699eec79caa378128ee1b8b","main","4.5.3","Linux","6.14.0-1017-azure","AMD EPYC 7763 64-Core Processor","anon_nlp_entities_people_org_place",1.88564408908132,0.525594738017616,729456,0.875991230029359
"20260323T183040Z-f44d840","2026-03-23T18:30:40Z","github-actions","github-actions | ubuntu-latest","f44d840ac9730f0e926f0b977ee74279adb38acd","main","4.5.3","Linux","6.14.0-1017-azure","AMD EPYC 9V74 80-Core Processor","anon_nlp_entities_people_org_place",1.82928516506217,0.541455338581866,729456,0.90242556430311
"20260323T190818Z-030dff4","2026-03-23T19:08:18Z","github-actions","github-actions | ubuntu-latest","030dff4bc9485a0fe7bf59b8054d982b3370d8e9","main","4.5.3","Linux","6.14.0-1017-azure","AMD EPYC 7763 64-Core Processor","anon_nlp_entities_people_org_place",1.94292496703565,0.517038355627348,715696,0.861730592712247
"20260323T023824Z-c2d8136","2026-03-23T02:38:24Z","github-actions","github-actions | ubuntu-latest","c2d8136a4ca5513b5699eec79caa378128ee1b8b","main","4.5.3","Linux","6.14.0-1017-azure","AMD EPYC 7763 64-Core Processor","anon_starwars_exact",0.325507000088692,3.07680407804537,1668904,5.12800679674229
"20260323T183040Z-f44d840","2026-03-23T18:30:40Z","github-actions","github-actions | ubuntu-latest","f44d840ac9730f0e926f0b977ee74279adb38acd","main","4.5.3","Linux","6.14.0-1017-azure","AMD EPYC 9V74 80-Core Processor","anon_starwars_exact",0.262794870068319,3.80914249747041,1668904,6.34857082911734
"20260323T190818Z-030dff4","2026-03-23T19:08:18Z","github-actions","github-actions | ubuntu-latest","030dff4bc9485a0fe7bf59b8054d982b3370d8e9","main","4.5.3","Linux","6.14.0-1017-azure","AMD EPYC 7763 64-Core Processor","anon_starwars_exact",0.327234469121322,3.05434244140503,1668904,5.09057073567505
"20260323T023824Z-c2d8136","2026-03-23T02:38:24Z","github-actions","github-actions | ubuntu-latest","c2d8136a4ca5513b5699eec79caa378128ee1b8b","main","4.5.3","Linux","6.14.0-1017-azure","AMD EPYC 7763 64-Core Processor","anon_starwars_mixed",0.912423535133712,1.09715323521057,4278816,4.02289519577209
"20260323T183040Z-f44d840","2026-03-23T18:30:40Z","github-actions","github-actions | ubuntu-latest","f44d840ac9730f0e926f0b977ee74279adb38acd","main","4.5.3","Linux","6.14.0-1017-azure","AMD EPYC 9V74 80-Core Processor","anon_starwars_mixed",0.798320335918106,1.2550020575779,4278816,4.60167421111898
"20260323T190818Z-030dff4","2026-03-23T19:08:18Z","github-actions","github-actions | ubuntu-latest","030dff4bc9485a0fe7bf59b8054d982b3370d8e9","main","4.5.3","Linux","6.14.0-1017-azure","AMD EPYC 7763 64-Core Processor","anon_starwars_mixed",0.918483109096996,1.09018658690121,4278816,3.99735081863778
"20260323T023824Z-c2d8136","2026-03-23T02:38:24Z","github-actions","github-actions | ubuntu-latest","c2d8136a4ca5513b5699eec79caa378128ee1b8b","main","4.5.3","Linux","6.14.0-1017-azure","AMD EPYC 7763 64-Core Processor","anon_vector_approx",1.01160946802702,0.983163918206179,2238488,0
"20260323T183040Z-f44d840","2026-03-23T18:30:40Z","github-actions","github-actions | ubuntu-latest","f44d840ac9730f0e926f0b977ee74279adb38acd","main","4.5.3","Linux","6.14.0-1017-azure","AMD EPYC 9V74 80-Core Processor","anon_vector_approx",0.973257155157626,1.02537650432508,2238488,0
"20260323T190818Z-030dff4","2026-03-23T19:08:18Z","github-actions","github-actions | ubuntu-latest","030dff4bc9485a0fe7bf59b8054d982b3370d8e9","main","4.5.3","Linux","6.14.0-1017-azure","AMD EPYC 7763 64-Core Processor","anon_vector_approx",1.01506553904619,0.985262708003492,2238488,0
"20260323T023824Z-c2d8136","2026-03-23T02:38:24Z","github-actions","github-actions | ubuntu-latest","c2d8136a4ca5513b5699eec79caa378128ee1b8b","main","4.5.3","Linux","6.14.0-1017-azure","AMD EPYC 7763 64-Core Processor","anon_vector_exact",0.054201775114052,18.2274911642978,2022512,0
"20260323T183040Z-f44d840","2026-03-23T18:30:40Z","github-actions","github-actions | ubuntu-latest","f44d840ac9730f0e926f0b977ee74279adb38acd","main","4.5.3","Linux","6.14.0-1017-azure","AMD EPYC 9V74 80-Core Processor","anon_vector_exact",0.0544158110860735,18.1174805694517,2022512,0
"20260323T190818Z-030dff4","2026-03-23T19:08:18Z","github-actions","github-actions | ubuntu-latest","030dff4bc9485a0fe7bf59b8054d982b3370d8e9","main","4.5.3","Linux","6.14.0-1017-azure","AMD EPYC 7763 64-Core Processor","anon_vector_exact",0.0549527610419318,17.9332574649397,2022512,0
